{
  "version": 1,
  "serviceConfiguration": {
    "apiName": "UberEats",
    "serviceName": "AppSync",
    "gqlSchemaPath": "/tmp/amplify-4aa4a2fa-edbc-493d-bb1f-e494e9fea293/amplify/backend/api/UberEats/schema.graphql",
    "defaultAuthType": {
      "mode": "API_KEY",
      "keyDescription": "api key description",
      "expirationTime": 30
    },
    "additionalAuthTypes": [
      {
        "mode": "AWS_IAM"
      }
    ],
    "conflictResolution": {
      "defaultResolutionStrategy": {
        "type": "AUTOMERGE"
      }
    }
  }
}