{
  "version": "1",
  "cognitoConfig": {
    "identityPoolName": "testAuthIdentityPool",
    "allowUnauthenticatedIdentities": false,
    "resourceNameTruncated": "uberea6fa80d92",
    "userPoolName": "UberEats",
    "autoVerifiedAttributes": [
      "email"
    ],
    "mfaConfiguration": "OFF",
    "mfaTypes": [
      "SMS Text Message"
    ],
    "smsAuthenticationMessage": "Your authentication code is {####}",
    "smsVerificationMessage": "Your verification code is {####}",
    "emailVerificationSubject": "Verification code: {####}",
    "emailVerificationMessage": "Verification code: {####}",
    "defaultPasswordPolicy": false,
    "passwordPolicyMinLength": 6,
    "passwordPolicyCharacters": [],
    "requiredAttributes": [],
    "aliasAttributes": [],
    "userpoolClientGenerateSecret": false,
    "userpoolClientRefreshTokenValidity": 30,
    "userpoolClientWriteAttributes": [],
    "userpoolClientReadAttributes": [],
    "userpoolClientLambdaRole": "UberEa6fa80d92_userpoolclient_lambda_role",
    "userpoolClientSetAttributes": false,
    "sharedId": "6fa80d92",
    "resourceName": "UberEats",
    "authSelections": "identityPoolAndUserPool",
    "serviceName": "Cognito",
    "usernameAttributes": [
      "email"
    ],
    "useDefault": "manual",
    "userPoolGroups": false,
    "userPoolGroupList": [],
    "adminQueries": false,
    "thirdPartyAuth": false,
    "authProviders": [],
    "usernameCaseSensitive": false,
    "useEnabledMfas": true
  }
}