[
  {
    "id": "1",
    "userID": "9b09b087-cf40-41f4-a375-8dc75843a8d1",
    "status": "NEW",
    "createdAt": "2022-04-16T18:56:21.890Z",
    "updatedAt": "2022-04-16T18:56:21.890Z",
    "orderRestaurantId": "7d7965f7-1b33-4b8c-9bac-0c22bc905030",
    "Restaurant": {
      "id": "7d7965f7-1b33-4b8c-9bac-0c22bc905030",
      "name": "El Cabo Coffe Bar Tres De Mayo",
      "image": "https://notjustdev-dummy.s3.us-east-2.amazonaws.com/uber-eats/restaurant1.jpeg",
      "deliveryFee": 0.039448871531492236,
      "minDeliveryTime": 10,
      "maxDeliveryTime": 44,
      "rating": 1.5095123177204128,
      "address": "983 Lewis Rapids",
      "lat": 37.808,
      "lng": -122.417743,
      "createdAt": "2022-04-16T12:03:33.225Z",
      "updatedAt": "2022-04-16T12:05:12.826Z"
    },
    "User": {
      "id": "1",
      "name": "Vadim",
      "address": "Abc 1",
      "lat": 37.771389,
      "lng": -122.468611
    }
  },
  {
    "id": "2",
    "userID": "9b09b087-cf40-41f4-a375-8dc75843a8d1",
    "status": "NEW",
    "createdAt": "2022-04-16T18:53:32.261Z",
    "updatedAt": "2022-04-16T18:53:32.261Z",
    "orderRestaurantId": "7d7965f7-1b33-4b8c-9bac-0c22bc905030",
    "Restaurant": {
      "id": "7d7965f7-1b33-4b8c-9bac-0c22bc905030",
      "name": "Jacobs - DuBuque",
      "image": "https://notjustdev-dummy.s3.us-east-2.amazonaws.com/uber-eats/restaurant2.jpeg",
      "deliveryFee": 0.039448871531492236,
      "minDeliveryTime": 10,
      "maxDeliveryTime": 44,
      "rating": 1.5095123177204128,
      "address": "983 Lewis Rapids",
      "lat": 46.99190699528364,
      "lng": 28.66937969418778,
      "createdAt": "2022-04-16T12:03:33.225Z",
      "updatedAt": "2022-04-16T12:05:12.826Z"
    },
    "User": {
      "id": "2",
      "name": "Lukas",
      "address": "Lithuania 1",
      "lat": 46.86110499528364,
      "lng": 28.54497769418778
    }
  },
  {
    "id": "3",
    "userID": "9b09b087-cf40-41f4-a375-8dc75843a8d1",
    "status": "NEW",
    "createdAt": "2022-04-16T18:56:49.713Z",
    "updatedAt": "2022-04-16T18:56:49.713Z",
    "orderRestaurantId": "7d7965f7-1b33-4b8c-9bac-0c22bc905030",
    "_version": 1,
    "_lastChangedAt": 1650135409734,
    "_deleted": null,
    "Restaurant": {
      "id": "7d7965f7-1b33-4b8c-9bac-0c22bc905030",
      "name": "Jacobs",
      "image": "https://notjustdev-dummy.s3.us-east-2.amazonaws.com/uber-eats/restaurant3.jpeg",
      "deliveryFee": 0.039448871531492236,
      "minDeliveryTime": 10,
      "maxDeliveryTime": 44,
      "rating": 1.5095123177204128,
      "address": "983 Lewis Rapids",
      "lat": 46.47190999528364,
      "lng": 28.74937369418778,
      "createdAt": "2022-04-16T12:03:33.225Z",
      "updatedAt": "2022-04-16T12:05:12.826Z"
    },
    "User": {
      "id": "3",
      "name": "Alex",
      "address": "Happy land",
      "lat": 46.86133499528364,
      "lng": 28.54421769418778
    }
  }
]
